patient_id,first_name,last_name,dob,is_returning,email,location,phone_number,insurance_carrier,member_id,group_number
1,Danielle,Johnson,1954-10-01,True,danielle.johnson@example.com,"123 Health St, Wellness City, 12345",+1-219-560-0133,Kaiser Permanente,430-29-7360,717889.0
2,Joshua,Booth,1990-01-24,False,joshua.booth@example.org,"456 Care Ave, Remedy Town, 67890",651.216.1559,UnitedHealthcare,550-16-6202,182627.0
3,Sarah,Williams,1985-06-15,True,sarah.williams@email.com,"789 Medical Blvd, Health Valley, 11111",555-123-4567,Blue Cross Blue Shield,123-45-6789,987654.0
4,Michael,Davis,1992-03-20,False,michael.davis@gmail.com,"321 Clinic Dr, Medicine City, 22222",444-567-8901,Aetna,987-65-4321,123456.0
5,Jennifer,Brown,1978-11-08,True,jennifer.brown@yahoo.com,"654 Hospital Way, Healing Hills, 33333",333-222-1111,Cigna,111-22-3333,555777.0
6,Robert,Miller,1988-09-12,False,robert.miller@hotmail.com,"987 Wellness St, Treatment Town, 44444",222-333-4444,Kaiser Permanente,444-55-6666,888999.0
7,Lisa,Anderson,1995-01-30,True,lisa.anderson@outlook.com,"147 Recovery Rd, Cure Creek, 55555",111-444-7777,UnitedHealthcare,777-88-9999,222333.0
8,David,Wilson,1983-07-25,False,david.wilson@mail.com,"258 Therapy Terrace, Remedy Ridge, 66666",999-888-5555,Blue Cross Blue Shield,555-66-7777,111222.0
9,Mason,Johnson,1972-03-30,True,patient9@example.com,"859 Medical St, Health City, 46048",350-328-3286,Blue Cross Blue Shield,792-79-2424,719176.0
10,Benjamin,Smith,1972-09-03,False,patient10@example.com,"195 Medical St, Health City, 38657",338-617-1434,Kaiser Permanente,303-93-9928,539898.0
11,Isabella,Davis,2022-11-13,True,patient11@example.com,"384 Medical St, Health City, 10851",877-925-3615,UnitedHealthcare,448-45-3547,325772.0
12,James,Johnson,1978-04-28,False,patient12@example.com,"489 Medical St, Health City, 22676",467-967-6635,Kaiser Permanente,370-15-8527,662275.0
13,Olivia,Miller,1977-01-26,True,patient13@example.com,"665 Medical St, Health City, 48427",949-743-6925,Kaiser Permanente,296-18-1750,793384.0
14,Isabella,Jones,1977-02-27,False,patient14@example.com,"975 Medical St, Health City, 40512",987-203-7227,Cigna,564-91-6977,270555.0
15,James,Garcia,1988-10-18,True,patient15@example.com,"786 Medical St, Health City, 44993",818-799-2169,Kaiser Permanente,750-31-9751,864544.0
16,Isabella,Williams,2011-06-22,False,patient16@example.com,"488 Medical St, Health City, 45382",755-804-4598,Cigna,963-17-4752,961722.0
17,Emma,Garcia,2005-12-28,True,patient17@example.com,"374 Medical St, Health City, 18675",316-680-6155,Aetna,771-73-7482,774079.0
18,Lucas,Williams,1993-10-06,False,patient18@example.com,"242 Medical St, Health City, 42325",862-674-9830,Cigna,864-84-8019,711878.0
19,Benjamin,Garcia,1989-09-04,True,patient19@example.com,"241 Medical St, Health City, 76784",605-193-1771,Blue Cross Blue Shield,256-90-3621,930555.0
20,Mason,Miller,2023-07-05,False,patient20@example.com,"165 Medical St, Health City, 60432",490-710-8668,Kaiser Permanente,357-80-1188,813328.0
21,I,Tirupur,2005-03-28,True,ameen280305@gmail.com,"Anna Nagar,Tirupur",,Self-Pay,,
22,Like,To,2004-11-15,True,prathiksha.al22@bitsathy.ac.in,"Perundurai, Erode",,Self-Pay,,
23,Prathiksha,S,2004-11-15,True,prathiksha.al22@bitsathy.ac.in,"Perundurai, Erode.",,Self-Pay,,
